#,Material Name,Formula,Category,CAS No.,T_min (K),T_max (K),A,B,C,D,E,a0,a1,a2,a3,Poly R²,Cp @298K (J/kg·K),Molar Mass (g/mol),Density (kg/m³),Data Source,Phase / Notes
1,Aluminium,Al,Metals & Alloys,7429-90-5,298,933,28.0892,-5.414849,8.560423,3.42737,-0.277375,658.69,1.17102,-0.00144716,9.02E-07,0.999736,896.91,26.9815,2700,NIST-JANAF (Chase 1998) — NIST Chemistry WebBook SRD 69,Solid
2,Copper,Cu,Metals & Alloys,7440-50-8,298,1358,17.72891,28.0987,-31.25289,13.97243,0.067924,307.022,0.362532,-0.000413151,1.94E-07,0.999926,384.6,63.546,8960,NIST-JANAF (Chase 1998) — NIST Chemistry WebBook SRD 69,Solid
3,Iron,Fe,Metals & Alloys,7439-89-6,298,700,18.42868,24.64301,-8.913956,9.664706,0.012643,341.055,0.394313,-8.67E-05,1.34E-07,1,449.28,55.845,7874,NIST-JANAF (Chase 1998) — NIST Chemistry WebBook SRD 69,"Solid, alpha phase 298-700 K"
4,Iron,Fe,Metals & Alloys,7439-89-6,700,1042,-57768,137319,-109235,29327.8,-33.8926,-1042790,2478.37,-1.9729,0.000530336,1,824.07,55.845,7874,NIST-JANAF (Chase 1998) — NIST Chemistry WebBook SRD 69,"Solid, alpha (Schottky anomaly near Curie T)"
5,Iron,Fe,Metals & Alloys,7439-89-6,1042,1809,24.2751,4.9559,0.003538,-0.01629,-0.14553,420.754,0.108786,-1.06E-05,1.72E-09,1,824.07,55.845,7874,NIST-JANAF (Chase 1998) — NIST Chemistry WebBook SRD 69,"Solid, gamma+delta 1042-1809 K"
6,Nickel,Ni,Metals & Alloys,7440-02-0,600,1728,32.67702,-6.4572,2.91608,-0.01571,-6.50605,-543.646,1.95086,-0.00134267,3.23E-07,0.998044,885.96,58.6934,8908,NIST-JANAF (Chase 1998) — NIST Chemistry WebBook SRD 69,Solid 600-1728 K (use range above magnetic anomaly)
7,Cobalt,Co,Metals & Alloys,7440-48-4,298,700,10.96287,54.38548,-56.28237,25.78,0,186.022,0.922833,-0.00095502,4.37E-07,1,420.99,58.9332,8900,NIST-JANAF (Chase 1998) — NIST Chemistry WebBook SRD 69,"Solid, alpha 298-700 K"
8,Cobalt,Co,Metals & Alloys,7440-48-4,700,1768,31.8602,0,0,0,-2.06,251.868,0.50063,-0.000315866,6.89E-08,0.999076,695.7,58.9332,8900,NIST-JANAF (Chase 1998) — NIST Chemistry WebBook SRD 69,"Solid, beta+gamma 700-1768 K"
9,Chromium,Cr,Metals & Alloys,7440-47-3,600,2180,18.46508,5.477986,7.904329,-1.147848,-1.398636,140.457,0.454699,-4.95E-05,1.72E-08,0.999958,540.81,51.9961,7190,NIST-JANAF (Chase 1998) — NIST Chemistry WebBook SRD 69,Solid 600-2180 K
10,Titanium,Ti,Metals & Alloys,7440-32-6,298,1155,-8.35874,87.1601,-85.8213,28.2868,6.02874,3662.03,-10.2566,0.0116095,-4.42E-06,0.988475,528.55,47.867,4507,NIST-JANAF (Chase 1998) — NIST Chemistry WebBook SRD 69,"Solid, alpha 298-1155 K"
11,Titanium,Ti,Metals & Alloys,7440-32-6,1155,1941,25.0406,0,0,0,-0.01867,521.377,0.00231407,-1.14E-06,1.96E-10,0.999968,640.32,47.867,4507,NIST-JANAF (Chase 1998) — NIST Chemistry WebBook SRD 69,"Solid, beta 1155-1941 K"
12,Vanadium,V,Metals & Alloys,7440-62-2,298,2183,21.35712,9.13193,-0.58112,0.04874,-0.30918,315.908,0.39308,-0.000158368,3.36E-08,0.999078,488.6,50.9415,6110,NIST-JANAF (Chase 1998) — NIST Chemistry WebBook SRD 69,Solid
13,Manganese,Mn,Metals & Alloys,7439-96-5,298,980,27.2419,5.23783,7.78301,-1.94882,0,495.866,0.0953407,0.000141669,-3.55E-08,1,478.18,54.938,7470,NIST-JANAF (Chase 1998) — NIST Chemistry WebBook SRD 69,"Solid, alpha 298-980 K"
14,Manganese,Mn,Metals & Alloys,7439-96-5,980,1519,39.3,0,0,0,0,715.352,3.52E-14,-2.84E-17,7.60E-21,1,761.59,54.938,7470,NIST-JANAF (Chase 1998) — NIST Chemistry WebBook SRD 69,"Solid, beta+gamma+delta 980-1519 K"
15,Zinc,Zn,Metals & Alloys,7440-66-6,298,693,25.6039,-3.93914,19.9655,-7.24827,0,391.617,-0.0602499,0.000305376,-1.11E-07,1,388.35,65.38,7133,NIST-JANAF (Chase 1998) — NIST Chemistry WebBook SRD 69,Solid
16,Magnesium,Mg,Metals & Alloys,7439-95-4,298,923,26.9843,-1.95067,7.88613,0.89392,0,1110.24,-0.080258,0.000324465,3.68E-08,1,1022.83,24.305,1738,NIST-JANAF (Chase 1998) — NIST Chemistry WebBook SRD 69,Solid
17,Silicon,Si,Metals & Alloys,7440-21-3,298,1685,22.81719,3.89951,-0.082885,0.042111,-0.354063,541.132,0.808386,-0.000565879,1.57E-07,0.996628,711.76,28.0855,2329,NIST-JANAF (Chase 1998) — NIST Chemistry WebBook SRD 69,Solid
18,Germanium,Ge,Metals & Alloys,7440-56-4,298,1211,23.3497,0.00655,2.97968,0.03581,-0.66882,53.0402,0.820467,-0.000839202,3.18E-07,0.996709,319.7,72.63,5323,NIST-JANAF (Chase 1998) — NIST Chemistry WebBook SRD 69,Solid
19,Tin,Sn,Metals & Alloys,7440-31-5,286,505,27.7154,-0.032695,7.66013,-2.28044,0.022755,246.854,-0.0697627,0.000198282,-1.10E-07,0.999998,227.36,118.71,7287,NIST-JANAF (Chase 1998) — NIST Chemistry WebBook SRD 69,"Solid, white/beta 286-505 K"
20,Lead,Pb,Metals & Alloys,7439-92-1,298,601,25.084,4.86168,3.9701,-1.17366,0,121.062,0.0234637,1.92E-05,-5.66E-09,1,129.58,207.2,11340,NIST-JANAF (Chase 1998) — NIST Chemistry WebBook SRD 69,Solid
21,Silver,Ag,Metals & Alloys,7440-22-4,298,1235,25.3548,0.61,-0.09709,0.01248,-0.02664,227.984,0.0269951,-2.35E-05,8.13E-09,0.998882,235.01,107.868,10490,NIST-JANAF (Chase 1998) — NIST Chemistry WebBook SRD 69,Solid
22,Gold,Au,Metals & Alloys,7440-57-5,298,1337,25.3962,0.1941,-0.02067,0.01245,-0.0074,127.937,0.00385389,-2.97E-06,1.02E-09,0.999216,128.96,196.967,19300,NIST-JANAF (Chase 1998) — NIST Chemistry WebBook SRD 69,Solid
23,Platinum,Pt,Metals & Alloys,04-06-7440,298,1800,25.8678,0.693,-0.1343,0.0161,-0.06277,126.078,0.0189497,-1.30E-05,3.30E-09,0.994296,132.61,195.084,21450,NIST-JANAF (Chase 1998) — NIST Chemistry WebBook SRD 69,Solid
24,Palladium,Pd,Metals & Alloys,03-05-7440,298,1828,25.9786,0.8467,-0.09477,0.00985,-0.05762,233.294,0.0332413,-2.09E-05,5.25E-09,0.996822,244.13,106.42,12023,NIST-JANAF (Chase 1998) — NIST Chemistry WebBook SRD 69,Solid
25,Molybdenum,Mo,Metals & Alloys,7439-98-7,298,1900,24.72736,3.960425,-1.270706,1.153065,-0.00088,257.507,0.0416745,-1.36E-05,1.21E-08,1,249.17,95.96,10280,NIST-JANAF (Chase 1998) — NIST Chemistry WebBook SRD 69,Solid 298-1900 K
26,Molybdenum,Mo,Metals & Alloys,7439-98-7,1900,2896,38.363,-4.733,3.096,-0.619,-9.869,212.018,0.109596,-1.79E-05,-8.65E-10,0.99998,249.17,95.96,10280,NIST-JANAF (Chase 1998) — NIST Chemistry WebBook SRD 69,Solid 1900-2896 K
27,Tungsten,W,Refractories,7440-33-7,298,1900,23.9593,2.63968,1.25775,-0.254642,-0.048407,125.246,0.0259255,-2.03E-06,8.33E-10,0.999908,132.23,183.84,19300,NIST-JANAF (Chase 1998) — NIST Chemistry WebBook SRD 69,Solid 298-1900 K
28,Tungsten,W,Refractories,7440-33-7,1900,3680,-22.5764,90.2798,-44.2715,7.17663,-24.0974,-312.389,0.631884,-0.000279429,4.27E-08,0.999997,132.23,183.84,19300,NIST-JANAF (Chase 1998) — NIST Chemistry WebBook SRD 69,Solid 1900-3680 K
29,Niobium,Nb,Refractories,01-03-7440,298,2750,21.6006,11.6355,-6.18638,1.61931,0.084,245.026,0.103242,-5.40E-05,1.51E-08,0.999852,266.4,92.906,8570,NIST-JANAF (Chase 1998) — NIST Chemistry WebBook SRD 69,Solid
30,Tantalum,Ta,Refractories,7440-25-7,298,1300,20.691,17.352,-16.007,6,0,114.348,0.095895,-8.85E-05,3.32E-08,1,139.82,180.948,16690,NIST-JANAF (Chase 1998) — NIST Chemistry WebBook SRD 69,Solid 298-1300 K
31,Zirconium,Zr,Metals & Alloys,7440-67-7,298,1135,27.97869,-0.06635,10.80038,-3.48381,-0.06873,283.376,0.073507,3.50E-05,-6.58E-09,0.999968,276.13,91.224,6520,NIST-JANAF (Chase 1998) — NIST Chemistry WebBook SRD 69,"Solid, alpha 298-1135 K"
32,Zirconium,Zr,Metals & Alloys,7440-67-7,1135,2128,41.84,0,0,0,0,458.651,-3.55E-15,1.88E-18,-3.01E-22,-1.496667,458.65,91.224,6520,NIST-JANAF (Chase 1998) — NIST Chemistry WebBook SRD 69,"Solid, beta 1135-2128 K"
33,Hafnium,Hf,Refractories,7440-58-6,298,2500,22.5755,10.8576,-1.90504,0.02333,0.00997,127.323,0.0592462,-9.70E-06,-6.25E-11,0.999998,143.99,178.49,13310,NIST-JANAF (Chase 1998) — NIST Chemistry WebBook SRD 69,"Solid, alpha"
34,Beryllium,Be,Metals & Alloys,7440-41-7,298,1527,21.20695,5.69768,0.96811,-0.00138,-0.5872,819.114,4.67243,-0.00355141,1.10E-06,0.997492,1817.54,9.0122,1848,NIST-JANAF (Chase 1998) — NIST Chemistry WebBook SRD 69,Solid
35,Rhenium,Re,Refractories,7440-15-5,298,3458,25.3756,2.048,-0.3843,0.0608,-0.2601,120.468,0.0344416,-1.31E-05,1.97E-09,0.989117,136.3,186.207,21020,NIST-JANAF (Chase 1998) — NIST Chemistry WebBook SRD 69,Solid
36,Iridium,Ir,Metals & Alloys,7439-88-5,298,2719,25.5089,-0.00381,0.01056,-0.00039,-0.0227,131.056,0.00290638,-1.63E-06,3.08E-10,0.949935,132.71,192.217,22560,NIST-JANAF (Chase 1998) — NIST Chemistry WebBook SRD 69,Solid
37,Ruthenium,Ru,Metals & Alloys,7440-18-8,298,2607,24.8412,3.99068,-1.4941,0.22196,-0.23692,211.727,0.101636,-5.18E-05,9.26E-09,0.989813,238.05,101.07,12370,NIST-JANAF (Chase 1998) — NIST Chemistry WebBook SRD 69,Solid
38,Calcium,Ca,Metals & Alloys,7440-70-2,298,1100,19.9598,10.4026,15.0886,-5.9519,0,498.024,0.259559,0.000376481,-1.49E-07,1,646.99,40.078,1550,NIST-JANAF (Chase 1998) — NIST Chemistry WebBook SRD 69,"Solid, alpha+beta"
39,Sodium,Na,Metals & Alloys,7440-23-5,298,370,72.677,-8.80225,-731.106,1415.39,-0.9454,-572.805,22.0644,-0.0823193,0.000101922,0.999999,1224.45,22.99,971,NIST-JANAF (Chase 1998) — NIST Chemistry WebBook SRD 69,Solid 298-370 K
40,Potassium,K,Metals & Alloys,07-09-7440,298,336,-62.888,-3226,14645,-16230,15.996,39266.9,-340.711,0.985877,-0.000929441,1,756.05,39.098,862,NIST-JANAF (Chase 1998) — NIST Chemistry WebBook SRD 69,Solid 298-336 K
41,Lithium,Li,Metals & Alloys,7439-93-2,298,453,170,-882.764,1977,-1487.49,-2,3051.04,-11.3112,0.0514832,-4.82E-05,0.999973,3548.48,6.941,534,NIST-JANAF (Chase 1998) — NIST Chemistry WebBook SRD 69,Solid 298-453 K
42,Mercury (liquid),Hg,Metals & Alloys,7439-97-6,234,600,27.496,0.001,-0.0003,0.0001,-0.0188,130.245,0.0351173,-6.56E-05,4.24E-08,0.998989,139.49,200.592,13534,NIST-JANAF (Chase 1998) — NIST Chemistry WebBook SRD 69,Liquid (melts 234 K)
43,Cadmium,Cd,Metals & Alloys,7440-43-9,298,594,26.02018,0.1908,-0.1352,0.0352,-0.00406,229.408,0.0113229,-1.77E-05,1.03E-08,0.999949,231.47,112.411,8650,NIST-JANAF (Chase 1998) — NIST Chemistry WebBook SRD 69,Solid
44,Gallium,Ga,Metals & Alloys,7440-55-3,298,303,102,-348,603,-361,-1,-125.498,5.58098,-0.0177383,1.82E-05,1,373.48,69.723,5910,NIST-JANAF (Chase 1998) — NIST Chemistry WebBook SRD 69,Solid 298-303 K
45,Indium,In,Metals & Alloys,7440-74-6,298,430,26.746,0.005,-0.0004,5.00E-05,-0.169,117.68,0.640465,-0.00132795,9.74E-07,0.999996,232.89,114.818,7310,NIST-JANAF (Chase 1998) — NIST Chemistry WebBook SRD 69,Solid
46,Thallium,Tl,Metals & Alloys,7440-28-0,298,577,26.32,1.453,-0.3151,0.0605,-0.0432,116.348,0.0659873,-0.000104506,6.34E-08,0.999966,128.78,204.38,11850,NIST-JANAF (Chase 1998) — NIST Chemistry WebBook SRD 69,Solid
47,Bismuth,Bi,Metals & Alloys,7440-69-9,298,544,26.476,4.9652,-3.9367,1.2347,0.01657,131.628,-0.000396589,2.49E-05,-2.19E-08,0.999994,122.12,208.98,9780,NIST-JANAF (Chase 1998) — NIST Chemistry WebBook SRD 69,Solid
48,Antimony,Sb,Metals & Alloys,7440-36-0,298,904,23.0523,7.0691,0,0,-0.1915,129.062,0.278382,-0.000289496,1.30E-07,0.999794,207.21,121.76,6697,NIST-JANAF (Chase 1998) — NIST Chemistry WebBook SRD 69,Solid
49,Boron,B,Others,7440-42-8,298,2350,9.7356,38.3409,-20.1481,3.67144,-0.2865,478.165,4.37637,-0.00240143,4.52E-07,0.999131,1025.81,10.811,2340,NIST-JANAF (Chase 1998) — NIST Chemistry WebBook SRD 69,"Solid, beta"
50,Carbon (Graphite),C,Others,7782-42-5,298,4000,-0.4904,38.8513,-26.4498,5.84768,-0.00858,-47.9463,3.24409,-0.00220606,4.87E-07,1,709.1,12.011,2267,NIST-JANAF (Chase 1998) — NIST Chemistry WebBook SRD 69,"Solid, graphite"
51,Carbon (Diamond),C,Others,7782-40-3,298,1200,-3.1073,55.0552,-54.2306,20.9474,0.02154,-205.98,4.42168,-0.00434007,1.68E-06,0.999997,509.2,12.011,3513,NIST-JANAF (Chase 1998) — NIST Chemistry WebBook SRD 69,"Solid, diamond"
52,Sulfur,S,Others,7704-34-9,298,369,-1.99184,39.5362,-22.4626,5.01676,-0.05718,-224.514,2.21074,-0.00290382,1.92E-06,1,708.05,32.06,2070,NIST-JANAF (Chase 1998) — NIST Chemistry WebBook SRD 69,"Solid, rhombic"
53,Arsenic,As,Others,7440-38-2,298,1090,24.6428,2.48157,-0.12797,0.00769,-0.15499,262.403,0.250151,-0.000252561,9.82E-08,0.99889,328.88,74.922,5727,NIST-JANAF (Chase 1998) — NIST Chemistry WebBook SRD 69,"Solid, grey"
54,Uranium,U,Others,7440-61-1,298,941,26.923,4.65206,-0.21974,-1.20569,-0.14981,89.8861,0.102424,-0.000106919,4.12E-08,0.999475,116.25,238.029,19100,NIST-JANAF (Chase 1998) — NIST Chemistry WebBook SRD 69,"Solid, alpha"
55,Thorium,Th,Others,7440-29-1,298,1633,27.0948,-0.082,0,0,-0.2462,93.2742,0.0588511,-5.10E-05,1.45E-08,0.973639,116.75,232.038,11700,NIST-JANAF (Chase 1998) — NIST Chemistry WebBook SRD 69,Solid
56,Alumina (Al₂O₃),Al2O3,Ceramics,1344-28-1,298,2327,102.429,38.7498,-15.9109,2.6282,-3.0076,530.31,1.31844,-0.000768942,1.55E-07,0.986773,772.84,101.961,3987,NIST-JANAF (Chase 1998) — NIST Chemistry WebBook SRD 69,"Solid, alpha-corundum"
57,Magnesia (MgO),MgO,Ceramics,1309-48-4,298,3105,47.26,5.6816,-0.8727,0.1043,-1.054,847.2,0.663826,-0.000291261,4.67E-08,0.981479,918.52,40.304,3580,NIST-JANAF (Chase 1998) — NIST Chemistry WebBook SRD 69,"Solid, periclase"
58,Silica — Quartz (SiO₂),SiO2,Ceramics,14808-60-7,298,847,-6.0766,251.6755,-324.7964,168.5604,0.0025,-99.4413,4.18235,-0.00539695,2.80E-06,1,741.97,60.083,2650,NIST-JANAF (Chase 1998) — NIST Chemistry WebBook SRD 69,"Solid, alpha-quartz"
59,Silica — Quartz high-T (SiO₂),SiO2,Ceramics,14808-60-7,847,1996,58.75,10.2706,-0.13156,0.02575,0.02544,980.366,0.167134,-1.15E-07,3.62E-11,1,1109.63,60.083,2650,NIST-JANAF (Chase 1998) — NIST Chemistry WebBook SRD 69,"Solid, beta-quartz 847-1996 K"
60,Zirconia — monoclinic (ZrO₂),ZrO2,Ceramics,1314-23-4,298,1478,69.2,8.5483,-0.8629,0.2464,-1.3828,289.372,0.801791,-0.000686606,2.11E-07,0.994032,455.45,123.218,5680,NIST-JANAF (Chase 1998) — NIST Chemistry WebBook SRD 69,"Solid, monoclinic"
61,Zirconia — tetragonal (ZrO₂),ZrO2,Ceramics,1314-23-4,1478,2950,71,0,0,0,-0.43,568.112,0.00760764,-2.63E-06,3.19E-10,0.999828,576.21,123.218,6100,NIST-JANAF (Chase 1998) — NIST Chemistry WebBook SRD 69,"Solid, tetragonal 1478-2950 K"
62,Silicon Carbide (SiC) — low T,SiC,Ceramics,409-21-2,298,1000,20.5586,64.5796,-52.9883,16.9581,-0.7818,-166.758,3.94813,-0.00418956,1.62E-06,0.999523,667.4,40.096,3210,NIST-JANAF (Chase 1998) — NIST Chemistry WebBook SRD 69,"Solid, alpha 298-1000 K"
63,Silicon Carbide (SiC) — high T,SiC,Ceramics,409-21-2,1000,4000,45.8929,5.18878,-0.49835,0.02491,-4.9994,817.017,0.430688,-0.000109853,1.12E-08,0.999302,1013.57,40.096,3210,NIST-JANAF (Chase 1998) — NIST Chemistry WebBook SRD 69,"Solid, alpha 1000-4000 K"
64,Boron Carbide (B₄C),B4C,Ceramics,12069-32-8,298,2743,95.9985,23.1651,-0.4096,0.0814,-4.3952,632.852,2.36249,-0.00111786,2.04E-07,0.988326,966.97,55.255,2520,NIST-JANAF (Chase 1998) — NIST Chemistry WebBook SRD 69,Solid
65,Silicon Nitride (Si₃N₄),Si3N4,Ceramics,12033-89-5,298,1900,109.162,32.9914,-9.55302,1.15824,-5.38146,37.8984,1.92034,-0.00135991,3.31E-07,0.985726,719.97,140.284,3440,NIST-JANAF (Chase 1998) — NIST Chemistry WebBook SRD 69,"Solid, alpha"
66,Boron Nitride (BN),BN,Ceramics,10043-11-5,298,3000,19.4968,38.471,-18.7765,3.15,-0.12,723.573,1.65234,-0.000810807,1.36E-07,0.99981,792.17,24.818,2100,NIST-JANAF (Chase 1998) — NIST Chemistry WebBook SRD 69,"Solid, hexagonal h-BN"
67,Aluminium Nitride (AlN) — low T,AlN,Ceramics,24304-00-5,298,900,17.2326,85.6381,-83.2729,29.6343,-0.5379,-84.5216,3.94026,-0.00447093,1.82E-06,0.999804,734.34,40.989,3260,NIST-JANAF (Chase 1998) — NIST Chemistry WebBook SRD 69,Solid 298-900 K
68,Aluminium Nitride (AlN) — high T,AlN,Ceramics,24304-00-5,900,3000,42.0357,8.9288,-0.9797,0.0766,-2.6971,772.553,0.507167,-0.000141987,1.83E-08,0.999885,1351.58,40.989,3260,NIST-JANAF (Chase 1998) — NIST Chemistry WebBook SRD 69,Solid 900-3000 K
69,Titanium Nitride (TiN),TiN,Ceramics,25583-20-4,298,3220,50.4072,0.5965,2.9448,-0.305,-1.2097,579.088,0.378133,-0.000136717,2.42E-08,0.991622,601.71,61.874,5430,NIST-JANAF (Chase 1998) — NIST Chemistry WebBook SRD 69,Solid
70,Zirconium Nitride (ZrN),ZrN,Ceramics,25658-42-8,298,3225,46.4579,7.0063,0.0078,-0.0007,-0.7205,359.094,0.195303,-6.42E-05,1.02E-08,0.995907,384.3,105.231,7090,NIST-JANAF (Chase 1998) — NIST Chemistry WebBook SRD 69,Solid
71,Zirconium Carbide (ZrC),ZrC,Ceramics,12070-14-3,298,3805,51.0272,3.6856,-0.199,0.0289,-1.3038,362.84,0.217006,-8.06E-05,1.10E-08,0.971414,362.67,103.235,6730,NIST-JANAF (Chase 1998) — NIST Chemistry WebBook SRD 69,Solid
72,Zirconium Diboride (ZrB₂),ZrB2,Ceramics,12045-64-6,298,3323,66.9624,5.665,1.4339,-0.1517,-1.836,402.706,0.341553,-0.000129212,2.05E-08,0.988058,426.42,112.846,6090,NIST-JANAF (Chase 1998) — NIST Chemistry WebBook SRD 69,Solid
73,Calcium Oxide (CaO),CaO,Ceramics,1305-78-8,298,3200,49.9545,4.8873,-0.354,0.071,-0.604,760.317,0.292225,-0.000109422,1.77E-08,0.99331,750.58,56.077,3350,NIST-JANAF (Chase 1998) — NIST Chemistry WebBook SRD 69,Solid
74,Titania (TiO₂) — rutile,TiO2,Ceramics,13463-67-7,298,2130,67.2988,18.7573,-11.3953,2.4501,-1.4838,519.251,0.915513,-0.000619717,1.39E-07,0.979931,689.15,79.866,4230,NIST-JANAF (Chase 1998) — NIST Chemistry WebBook SRD 69,"Solid, rutile"
75,Chromium Oxide (Cr₂O₃),Cr2O3,Ceramics,1308-38-9,298,2603,119.798,9.037,-0.478,0.049,-5.977,216.11,1.10469,-0.000626615,1.19E-07,0.959756,781.5,151.99,5220,NIST-JANAF (Chase 1998) — NIST Chemistry WebBook SRD 69,Solid
76,Zinc Oxide (ZnO),ZnO,Ceramics,1314-13-2,298,2248,45.2553,8.693,-0.414,0.054,-0.59,435.817,0.350508,-0.000168717,3.61E-08,0.997227,494.54,81.389,5610,NIST-JANAF (Chase 1998) — NIST Chemistry WebBook SRD 69,Solid
77,Hematite (Fe₂O₃),Fe2O3,Ceramics,1317-60-8,298,950,93.43,108.354,-50,11.51,-0.74,415.621,1.27988,-0.00107722,4.03E-07,0.999935,650.39,159.688,5240,NIST-JANAF (Chase 1998) — NIST Chemistry WebBook SRD 69,"Solid, alpha"
78,Magnetite (Fe₃O₄),Fe3O4,Ceramics,1317-61-9,298,900,146.393,200.83,-112.557,28.964,-0.783,502.154,1.34439,-0.00111476,4.09E-07,0.999974,651.74,231.533,5180,NIST-JANAF (Chase 1998) — NIST Chemistry WebBook SRD 69,Solid
79,Spinel (MgAl₂O₄),MgAl2O4,Ceramics,1302-67-6,298,2408,148.543,24.679,-5.408,0.57,-6.02,384.261,1.44788,-0.000847764,1.69E-07,0.975031,814.67,142.266,3580,NIST-JANAF (Chase 1998) — NIST Chemistry WebBook SRD 69,Solid
80,Nickel Oxide (NiO),NiO,Ceramics,1313-99-1,298,600,47.28,11.58,-2.173,0.269,-0.057,589.778,0.355328,-0.000371169,2.08E-07,0.999997,593.24,74.692,6670,NIST-JANAF (Chase 1998) — NIST Chemistry WebBook SRD 69,Solid 298-600 K
81,Cobalt Oxide (CoO),CoO,Ceramics,1307-96-6,298,1145,50.316,12.947,-1.522,0.173,-0.562,441.162,0.901774,-0.000834262,3.09E-07,0.999123,706.91,74.932,6440,NIST-JANAF (Chase 1998) — NIST Chemistry WebBook SRD 69,Solid
82,Copper(II) Oxide (CuO),CuO,Ceramics,1317-38-0,298,1599,48.69,8.405,-0.337,0.035,-0.575,448.939,0.52259,-0.000368968,1.06E-07,0.997652,531.52,79.545,6310,NIST-JANAF (Chase 1998) — NIST Chemistry WebBook SRD 69,Solid
83,Copper(I) Oxide (Cu₂O),Cu2O,Ceramics,1317-39-1,298,1505,62.784,18.789,-5.603,0.792,-0.746,314.382,0.462033,-0.000341926,9.73E-08,0.998011,444.33,143.091,6000,NIST-JANAF (Chase 1998) — NIST Chemistry WebBook SRD 69,Solid
84,Manganese Dioxide (MnO₂),MnO2,Ceramics,1313-13-9,298,808,69.434,22.419,-10.034,1.97,-0.325,639.386,0.880278,-0.000996376,4.52E-07,0.999876,621.83,86.937,5030,NIST-JANAF (Chase 1998) — NIST Chemistry WebBook SRD 69,Solid
85,Barium Titanate (BaTiO₃),BaTiO3,Ceramics,12047-27-7,298,1733,121.754,14.267,-2.131,0.206,-5.237,51.0356,1.20224,-0.000948155,2.55E-07,0.983787,443.5,233.192,6020,NIST-JANAF (Chase 1998) — NIST Chemistry WebBook SRD 69,Solid
86,Calcium Titanate (CaTiO₃),CaTiO3,Ceramics,12049-50-2,298,1633,113.578,9.632,-1.65,0.164,-5.214,-13.8008,2.21098,-0.00185481,5.24E-07,0.983141,720.67,135.943,4040,NIST-JANAF (Chase 1998) — NIST Chemistry WebBook SRD 69,"Solid, perovskite"
87,Beryllia (BeO),BeO,Ceramics,1304-56-9,298,2000,52,0.53,0.045,-0.004,-3.27,-329.561,5.31552,-0.00389747,9.34E-07,0.961183,1020.31,25.012,3010,NIST-JANAF (Chase 1998) — NIST Chemistry WebBook SRD 69,Solid
88,Silica — Cristobalite (SiO₂),SiO2,Ceramics,14464-46-1,523,1700,58.75,15.425,0,0,0,977.814,0.256728,-1.22E-18,7.86E-22,1,1013.43,60.083,2330,NIST-JANAF (Chase 1998) — NIST Chemistry WebBook SRD 69,"Solid, beta-cristobalite"
89,Forsterite (Mg₂SiO₄),Mg2SiO4,Refractories,15118-03-3,298,2163,147.157,19.36,-3.142,0.283,-6.722,225.697,1.84564,-0.00120491,2.67E-07,0.975474,843.89,140.694,3210,NIST-JANAF (Chase 1998) — NIST Chemistry WebBook SRD 69,Solid
90,Zircon (ZrSiO₄),ZrSiO4,Refractories,10101-52-7,298,2123,119.558,14.82,-2.47,0.241,-5.164,160.398,1.11836,-0.000742512,1.67E-07,0.976123,538.6,183.309,4560,NIST-JANAF (Chase 1998) — NIST Chemistry WebBook SRD 69,Solid
91,Sillimanite (Al₂SiO₅),Al2SiO5,Refractories,12141-45-6,298,2000,165.57,26.81,-4.65,0.444,-8.97,1.95189,2.40709,-0.00167966,3.98E-07,0.978802,766.88,162.046,3250,NIST-JANAF (Chase 1998) — NIST Chemistry WebBook SRD 69,Solid
92,Andalusite (Al₂SiO₅),Al2SiO5,Refractories,12183-80-1,298,1760,164.92,27.32,-4.72,0.451,-8.65,-86.3534,2.81536,-0.0021816,5.77E-07,0.984082,757.56,162.046,3150,NIST-JANAF (Chase 1998) — NIST Chemistry WebBook SRD 69,Solid
93,Calcium Aluminate (CaAl₂O₄),CaAl2O4,Refractories,12042-68-1,298,1873,153.7,22.63,-3.54,0.319,-7.46,49.7857,2.26435,-0.0016666,4.18E-07,0.981845,773.42,158.039,2980,NIST-JANAF (Chase 1998) — NIST Chemistry WebBook SRD 69,Solid
94,Enstatite / Steatite (MgSiO₃),MgSiO3,Refractories,13776-74-4,298,1830,82.836,12.742,-1.537,0.144,-4.111,7.60008,2.03605,-0.00152199,3.90E-07,0.983679,678.47,100.387,3190,NIST-JANAF (Chase 1998) — NIST Chemistry WebBook SRD 69,"Solid, enstatite"
95,Sodium Aluminate (NaAlO₂),NaAlO2,Refractories,11138-49-1,298,2200,73.51,18.34,-3.189,0.341,-3.16,244.96,1.56513,-0.000955198,2.07E-07,0.985636,822.12,81.971,3500,NIST-JANAF (Chase 1998) — NIST Chemistry WebBook SRD 69,Solid
96,Magnesite (MgCO₃),MgCO3,Refractories,546-93-0,298,750,71.28,29.782,-10.148,1.368,-0.5,574.198,1.46006,-0.00176451,8.61E-07,0.999907,895.7,84.314,3010,NIST-JANAF (Chase 1998) — NIST Chemistry WebBook SRD 69,Solid; decomposes ~763 K
97,Silicon (SC),Si,Semiconductors,7440-21-3,298,1685,22.81719,3.89951,-0.082885,0.042111,-0.354063,541.142,0.8084,-0.000565889,1.57E-07,0.996628,711.77,28.085,2329,NIST-JANAF (Chase 1998) — NIST Chemistry WebBook SRD 69,Solid — same Shomate as metallic Si
98,Germanium (SC),Ge,Semiconductors,7440-56-4,298,1211,23.3497,0.00655,2.97968,0.03581,-0.66882,53.0402,0.820467,-0.000839202,3.18E-07,0.996709,319.7,72.63,5323,NIST-JANAF (Chase 1998) — NIST Chemistry WebBook SRD 69,Solid
99,Gallium Arsenide (GaAs),GaAs,Semiconductors,1303-00-0,298,1511,46.63,4.94,-0.378,0.04,-0.527,235.764,0.26384,-0.000212262,6.36E-08,0.995865,325.07,144.645,5320,NIST-JANAF (Chase 1998) — NIST Chemistry WebBook SRD 69,Solid
100,Gallium Phosphide (GaP),GaP,Semiconductors,12063-98-8,298,1750,45.83,4.45,-0.21,0.024,-0.515,348.799,0.300075,-0.000211092,5.62E-08,0.994768,451.86,100.696,4138,NIST-JANAF (Chase 1998) — NIST Chemistry WebBook SRD 69,Solid
101,Indium Phosphide (InP),InP,Semiconductors,22398-80-7,298,1335,45.82,4.75,-0.24,0.026,-0.48,226.58,0.284541,-0.00025362,8.43E-08,0.997019,316.2,145.792,4810,NIST-JANAF (Chase 1998) — NIST Chemistry WebBook SRD 69,Solid
102,Indium Arsenide (InAs),InAs,Semiconductors,1303-11-3,298,1215,46.79,4.87,-0.26,0.028,-0.5,170.014,0.259229,-0.000251382,9.00E-08,0.997525,248.76,189.74,5670,NIST-JANAF (Chase 1998) — NIST Chemistry WebBook SRD 69,Solid
103,Indium Antimonide (InSb),InSb,Semiconductors,1312-41-0,298,800,47.83,5.12,-0.39,0.045,-0.45,120.36,0.343204,-0.000459762,2.25E-07,0.999473,209.23,236.578,5770,NIST-JANAF (Chase 1998) — NIST Chemistry WebBook SRD 69,Solid
104,Cadmium Telluride (CdTe),CdTe,Semiconductors,1306-25-8,298,1365,48.77,5.94,-0.45,0.05,-0.42,157.53,0.154099,-0.000129149,4.20E-08,0.997861,207.07,240.01,6200,NIST-JANAF (Chase 1998) — NIST Chemistry WebBook SRD 69,Solid
105,Lead Telluride (PbTe),PbTe,Semiconductors,1314-91-6,298,1197,49.78,5.65,-0.32,0.036,-0.51,103.797,0.155061,-0.000150458,5.45E-08,0.997896,151.05,334.8,8160,NIST-JANAF (Chase 1998) — NIST Chemistry WebBook SRD 69,Solid
106,Zinc Selenide (ZnSe),ZnSe,Semiconductors,1315-09-9,298,1798,44.6,5.36,-0.29,0.034,-0.52,235.893,0.209821,-0.000140162,3.64E-08,0.995639,317.28,144.35,5260,NIST-JANAF (Chase 1998) — NIST Chemistry WebBook SRD 69,Solid
107,Molybdenum Disulfide (MoS₂),MoS2,Semiconductors,1317-33-5,298,1500,62.77,17.97,-4.09,0.492,-2.12,75.184,0.956831,-0.000800649,2.39E-07,0.994055,397.26,160.07,5060,NIST-JANAF (Chase 1998) — NIST Chemistry WebBook SRD 69,"Solid, 2H phase"
108,Bismuth Telluride (Bi₂Te₃),Bi2Te3,Semiconductors,1304-82-1,298,858,123.85,15.32,-3.16,0.31,-3.25,-8.70844,0.635296,-0.000842264,3.92E-07,0.998705,152.73,800.76,7860,NIST-JANAF (Chase 1998) — NIST Chemistry WebBook SRD 69,"Solid, thermoelectric"
109,Gallium Nitride (GaN),GaN,Semiconductors,25617-97-4,298,2800,38,15.3,-3,0.3,-1.1,274.717,0.493206,-0.00021027,3.48E-08,0.993763,421.59,83.73,6150,NIST / Barin (1993),"Solid, wurtzite; literature fit"
110,Silicon Carbide (SiC) SC,SiC,Semiconductors,409-21-2,298,1000,20.5586,64.5796,-52.9883,16.9581,-0.7818,-166.758,3.94813,-0.00418956,1.62E-06,0.999523,667.4,40.096,3210,NIST-JANAF (Chase 1998) — NIST Chemistry WebBook SRD 69,"Solid, wide-bandgap SC 298-1000 K"
111,Aluminium Nitride (AlN) SC,AlN,Semiconductors,24304-00-5,298,900,17.2326,85.6381,-83.2729,29.6343,-0.5379,-84.5216,3.94026,-0.00447093,1.82E-06,0.999804,734.34,40.989,3260,NIST-JANAF (Chase 1998) — NIST Chemistry WebBook SRD 69,"Solid, wide-bandgap SC 298-900 K"
112,Stainless Steel 304,Fe-Cr18Ni8,Metals & Alloys,,273,1673,,,,,,462,0.1375,0,0,,500,,7900,Kim (1975) ANL-75-55; NIST SRM 1155a,Austenitic SS; Cp=462+0.1375T
113,Stainless Steel 316,Fe-Cr17Ni12Mo2,Metals & Alloys,,273,1673,,,,,,468,0.122,0,0,,502,,7980,Kim (1975) ANL-75-55; Leitner 2020,Austenitic SS
114,Stainless Steel 310,Fe-Cr25Ni20,Metals & Alloys,,273,1600,,,,,,472,0.12,0,0,,508,,7900,ASM Handbook Vol. 2/4; Touloukian TPMD (1970),Austenitic SS
115,Stainless Steel 321,Fe-Cr18Ni10Ti,Metals & Alloys,,273,1600,,,,,,461,0.135,0,0,,498,,7900,ASM Handbook Vol. 2/4; Touloukian TPMD (1970),Austenitic Ti-stabilised
116,Stainless Steel 410,Fe-Cr13,Metals & Alloys,,273,1500,,,,,,452,0.145,0,0,,490,,7740,ASM Handbook Vol. 2/4; Touloukian TPMD (1970),Martensitic SS
117,Stainless Steel 430,Fe-Cr17,Metals & Alloys,,273,1500,,,,,,456,0.138,0,0,,492,,7700,ASM Handbook Vol. 2/4; Touloukian TPMD (1970),Ferritic SS
118,Carbon Steel,Fe-C(0.5%),Metals & Alloys,,273,1400,,,,,,371.8,0.5165,-0.000263,0,,481,,7854,Incropera & DeWitt (2011) Table A.1; Touloukian Vol.4,0.5% C
119,Mild Steel (0.1% C),Fe-C(0.1%),Metals & Alloys,,273,1400,,,,,,374,0.5,-0.00024,0,,488,,7860,ASM Handbook Vol. 2/4; Touloukian TPMD (1970),Low-carbon steel
120,Grey Cast Iron,Fe-C-Si,Metals & Alloys,,273,1300,,,,,,291.62,0.637,-0.000194,0,,461,,7200,Touloukian TPMD Vol. 4,"3-3.5%C, 1.5-2.5%Si"
121,Ductile Iron,Fe-C-Si (nodular),Metals & Alloys,,273,1300,,,,,,295,0.62,-0.000185,0,,462,,7100,ASM Handbook Vol. 2/4; Touloukian TPMD (1970),Spheroidal graphite iron
122,Tool Steel (H13),Fe-C-Cr-Mo-V,Metals & Alloys,,298,1200,,,,,,401,0.19,0,0,,460,,7800,ASM Handbook Vol. 2/4; Touloukian TPMD (1970),H13 hot-work tool steel
123,Maraging Steel (18Ni),Fe-Ni18-Co,Metals & Alloys,,298,1200,,,,,,412,0.13,0,0,,452,,8000,ASM Handbook Vol. 2/4; Touloukian TPMD (1970),18Ni-250 grade
124,Inconel 600,Ni-Cr16-Fe8,Metals & Alloys,,298,1500,,,,,,352,0.255,-6.00E-05,0,,444,,8470,Special Metals Corp. SMC-027,Ni-Cr-Fe alloy
125,Inconel 625,Ni-Cr22-Mo9,Metals & Alloys,,298,1450,,,,,,360,0.23,-5.20E-05,0,,410,,8440,Special Metals Corp. SMC-063,Ni-Cr-Mo alloy
126,Inconel 718,Ni-Cr19-Fe18-Nb,Metals & Alloys,,298,1450,,,,,,363,0.21,-4.90E-05,0,,435,,8190,Special Metals Corp. SMC-045,Precipitation-hardened Ni alloy
127,Hastelloy C-276,Ni-Mo16-Cr15-W4,Metals & Alloys,,298,1400,,,,,,372,0.15,0,0,,427,,8890,Haynes International H-2002C,Ni-Mo-Cr alloy
128,Monel 400,Ni-Cu30,Metals & Alloys,,298,1500,,,,,,381,0.12,0,0,,427,,8800,Special Metals Corp.,Ni-Cu alloy
129,Nichrome (80/20),Ni-Cr20,Metals & Alloys,,298,1400,,,,,,402,0.105,0,0,,450,,8400,ASM Handbook Vol. 2/4; Touloukian TPMD (1970),Resistance heating alloy
130,Constantan,Cu-Ni45,Metals & Alloys,,298,1500,,,,,,368,0.08,0,0,,390,,8900,ASM Handbook Vol. 2/4; Touloukian TPMD (1970),Thermocouple alloy
131,Cupronickel 90/10,Cu-Ni10,Metals & Alloys,,298,1400,,,,,,355,0.075,0,0,,377,,8900,ASM Handbook Vol. 2/4; Touloukian TPMD (1970),Naval alloy
132,Cupronickel 70/30,Cu-Ni30,Metals & Alloys,,298,1400,,,,,,362,0.08,0,0,,377,,8940,ASM Handbook Vol. 2/4; Touloukian TPMD (1970),Naval alloy
133,Brass (70Cu-30Zn),Cu-Zn30,Metals & Alloys,,298,1173,,,,,,356,0.078,0,0,,380,,8530,Touloukian TPMD Vol. 4,Yellow brass
134,Bronze (90Cu-10Sn),Cu-Sn10,Metals & Alloys,,298,1173,,,,,,349,0.082,0,0,,380,,8800,Touloukian TPMD Vol. 4,Phosphor bronze
135,Aluminium 2024,Al-Cu4.4Mg1.5,Metals & Alloys,,298,775,,,,,,617,0.86,-0.00058,0,,875,,2780,Touloukian TPMD Vol. 4,T3 temper
136,Aluminium 6061,Al-Mg1Si0.6,Metals & Alloys,,298,855,,,,,,603,0.91,-0.0006,0,,896,,2700,Touloukian TPMD Vol. 4,T6 temper
137,Aluminium 7075,Al-Zn5.6Mg2.5,Metals & Alloys,,298,750,,,,,,617,0.96,-0.00068,0,,960,,2810,Touloukian TPMD Vol. 4,T6 temper
138,Magnesium AZ31,Mg-Al3Zn1,Metals & Alloys,,298,850,,,,,,908,0.37,0,0,,1020,,1770,ASM Handbook Vol. 2/4; Touloukian TPMD (1970),Wrought Mg alloy
139,Ti-6Al-4V (Grade 5),Ti-Al6V4,Metals & Alloys,,298,1893,,,,,,425,0.485,-0.000152,0,,526,,4430,Touloukian TPMD Vol.4; Boivineau 2006 Int.J.Thermophys.,Alpha-beta Ti alloy
140,Zircaloy-4,Zr-Sn1.5Fe0.2Cr0.1,Metals & Alloys,,298,2000,,,,,,175,0.302,-6.25E-05,0,,285,,6560,IAEA-TECDOC-1496 (2006); Hagrman MATPRO,Nuclear cladding alloy
141,Fused Silica Glass,SiO2 (amorphous),Glasses,60676-86-0,298,1600,,,,,,627,0.297,-5.10E-05,0,,741,,2203,Bansal & Doremus (1986) Handbook of Glass Properties,Cp=627+0.297T-5.1e-5*T^2 J/(kg·K)
142,Soda-Lime Glass,SiO2-Na2O-CaO,Glasses,,298,1100,,,,,,729,0.24,0,0,,840,,2500,Bansal & Doremus (1986) Handbook of Glass Properties,72%SiO2-14%Na2O-10%CaO
143,Borosilicate Glass,SiO2-B2O3-Na2O,Glasses,,298,1400,,,,,,720,0.22,0,0,,830,,2230,Schott AG; Bansal & Doremus (1986) Handbook of Glass Properties,Pyrex/Duran type
144,Aluminosilicate Glass,SiO2-Al2O3,Glasses,,298,1600,,,,,,700,0.21,0,0,,800,,2530,Bansal & Doremus (1986) Handbook of Glass Properties,High-silica aluminosilicate
145,Lead Glass,SiO2-PbO,Glasses,,298,1000,,,,,,440,0.11,0,0,,500,,4800,Bansal & Doremus (1986) Handbook of Glass Properties,54%PbO type
146,Bioactive Glass 45S5,SiO2-CaO-Na2O-P2O5,Glasses,,298,1300,,,,,,707,0.204,0,0,,800,,2700,Hench (1971); Brauer (2008),45S5 composition
147,E-Glass Fibre,SiO2-Al2O3-CaO-B2O3,Glasses,,298,1100,,,,,,697,0.19,0,0,,800,,2580,Owens-Corning; Bansal & Doremus (1986) Handbook of Glass Properties,Standard reinforcement fibre
148,S-Glass Fibre,SiO2-Al2O3-MgO,Glasses,,298,1100,,,,,,635,0.185,0,0,,735,,2490,Owens-Corning; Bansal & Doremus (1986) Handbook of Glass Properties,High-strength fibre
149,Lithium Silicate Glass,Li2O-SiO2,Glasses,,298,1200,,,,,,855,0.26,0,0,,980,,2450,Bansal & Doremus (1986) Handbook of Glass Properties,Li2O·2SiO2
150,Sodium Silicate Glass,Na2O-SiO2,Glasses,,298,1200,,,,,,756,0.223,0,0,,870,,2480,Bansal & Doremus (1986) Handbook of Glass Properties,Na2O·2SiO2
151,Barium Silicate Glass,BaO-SiO2,Glasses,,298,1100,,,,,,438,0.14,0,0,,520,,4050,Bansal & Doremus (1986) Handbook of Glass Properties,BaO·2SiO2
152,Polyethylene HDPE — solid,(C2H4)n,Polymers,9002-88-4,250,395,,,,,,430,3.45,0,0,,1940,,955,ATHAS databank (Wunderlich 1990); SpringerMaterials 2014 / Chang & Bestul (1973),Solid; Tg~153K Tm~405K
153,Polyethylene HDPE — melt,(C2H4)n,Polymers,9002-88-4,405,550,,,,,,2090,1.92,0,0,,2800,,760,ATHAS databank (Wunderlich 1990); SpringerMaterials 2014,Liquid above Tm=405K
154,Polyethylene LDPE — solid,(C2H4)n,Polymers,9002-88-4,230,380,,,,,,388,3.9,0,0,,2300,,920,ATHAS databank (Wunderlich 1990); SpringerMaterials 2014,Solid; Tm~378K
155,Polypropylene (iPP) — solid,(C3H6)n,Polymers,9003-07-0,250,440,,,,,,443,3.15,0,0,,1925,,910,ATHAS databank (Wunderlich 1990); SpringerMaterials 2014 / Gaur & Wunderlich (1981),Solid; Tg~271K Tm~449K
156,Polypropylene (iPP) — melt,(C3H6)n,Polymers,9003-07-0,449,550,,,,,,2200,1.6,0,0,,2920,,760,ATHAS databank (Wunderlich 1990); SpringerMaterials 2014,Liquid above Tm=449K
157,Polystyrene (PS) — solid,(C8H8)n,Polymers,9003-53-6,170,370,,,,,,555,2.08,0,0,,1305,,1050,ATHAS databank (Wunderlich 1990); SpringerMaterials 2014 / Gaur et al. (1982),Solid; Tg~373K
158,Polystyrene (PS) — melt,(C8H8)n,Polymers,9003-53-6,373,600,,,,,,1400,1.2,0,0,,1840,,970,ATHAS databank (Wunderlich 1990); SpringerMaterials 2014,Melt/rubbery above Tg
159,Polyvinyl Chloride (PVC),(C2H3Cl)n,Polymers,9002-86-2,233,350,,,,,,410,1.99,0,0,,1005,,1400,ATHAS databank (Wunderlich 1990); SpringerMaterials 2014 / Gaur & Wunderlich (1980),Solid; Tg~354K
160,PTFE,(C2F4)n,Polymers,9002-84-0,250,600,,,,,,-230,5.42,-0.0047,0,,1005,,2200,ATHAS databank (Wunderlich 1990); SpringerMaterials 2014 / Eby & Wilson (1962),Solid; transitions at 292K & 303K
161,PET — solid,(C10H8O4)n,Polymers,25038-59-9,233,540,,,,,,480,2.43,0,0,,1200,,1380,ATHAS databank (Wunderlich 1990); SpringerMaterials 2014 / Gaur & Wunderlich (1982),Solid; Tg~345K Tm~540K
162,PET — melt,(C10H8O4)n,Polymers,25038-59-9,540,650,,,,,,1400,0.95,0,0,,1915,,1200,ATHAS databank (Wunderlich 1990); SpringerMaterials 2014,Liquid above Tm
163,PBT,(C12H12O4)n,Polymers,24968-12-5,233,500,,,,,,490,2.37,0,0,,1190,,1310,ATHAS databank (Wunderlich 1990); SpringerMaterials 2014,Solid; Tg~316K Tm~498K
164,Polycarbonate (PC),(C16H14O3)n,Polymers,25037-45-0,233,420,,,,,,570,2.15,0,0,,1207,,1200,ATHAS databank (Wunderlich 1990); SpringerMaterials 2014 / Gaur & Wunderlich (1984),Solid; Tg~420K
165,PMMA,(C5H8O2)n,Polymers,9011-14-7,233,390,,,,,,620,2.8,0,0,,1460,,1190,ATHAS databank (Wunderlich 1990); SpringerMaterials 2014,Solid; Tg~378K
166,Nylon 6 (PA6),(C6H11NO)n,Polymers,25038-54-4,233,495,,,,,,560,3.05,0,0,,1590,,1130,ATHAS databank (Wunderlich 1990); SpringerMaterials 2014 / Gaur & Wunderlich (1980),Solid; Tg~323K Tm~495K
167,"Nylon 6,6 (PA66)",(C12H22N2O2)n,Polymers,32131-17-2,233,540,,,,,,555,3.15,0,0,,1670,,1140,ATHAS databank (Wunderlich 1990); SpringerMaterials 2014 / Gaur & Wunderlich (1980),Solid; Tg~323K Tm~540K
168,POM (Polyoxymethylene),(CH2O)n,Polymers,9002-81-7,233,450,,,,,,515,3.2,0,0,,1459,,1410,ATHAS databank (Wunderlich 1990); SpringerMaterials 2014 / Gaur & Wunderlich (1981),Solid; Tg~218K Tm~453K
169,PEEK,(C19H12O3)n,Polymers,29658-26-2,298,620,,,,,,562,2.1,0,0,,1300,,1320,ATHAS databank (Wunderlich 1990); SpringerMaterials 2014 / Cheng et al. (1984),Solid; Tg~416K Tm~617K
170,Epoxy Resin (cured),variable,Polymers,,233,430,,,,,,440,2.4,0,0,,1050,,1200,Touloukian TPMD Vol.3; DiBenedetto (1987),Crosslinked; Tg~390K
171,PLA (Polylactic Acid),(C3H4O2)n,Polymers,26100-51-6,298,430,,,,,,812,2.65,0,0,,1800,,1240,Pyda et al. (2004) J.Polym.Sci.B; ATHAS,Solid; Tg~330K Tm~433K
172,PVA (Polyvinyl Alcohol),(C2H4O)n,Polymers,9002-89-5,298,500,,,,,,741,2.2,0,0,,1720,,1300,ATHAS databank (Wunderlich 1990); SpringerMaterials 2014,Solid; Tg~358K
173,Polyurethane (PU),variable,Polymers,,233,430,,,,,,720,2.7,0,0,,1800,,1200,Touloukian TPMD Vol.3; Mark Polymer Data Handbook (1999),Flexible foam/elastomer
174,Carbon Fibre (PAN-based),C,Composites,7440-44-0,298,2300,,,,,,254,1.52,-0.00038,0,,711,,1800,Pradere & Sauder (2008) Carbon 46(14),PAN-derived CF
175,SiC Fibre (Nicalon),SiC,Composites,409-21-2,298,1700,,,,,,368,0.8,0,0,,750,,2600,Kumagawa et al. (1998) Ceram.Eng.Sci.Proc.,Nicalon NL-200
176,Stabilized Zirconia (YSZ 8%),ZrO2-Y2O3,Ceramics,,298,2500,,,,,,361,0.242,-3.50E-05,0,,472,,5600,Touloukian TPMD Vol.5; Guo (2009) J.Eur.Ceram.Soc.,8 mol% YSZ cubic
177,Mullite (3Al₂O₃·2SiO₂),Al6Si2O13,Ceramics,1302-93-8,298,1800,,,,,,608,0.377,-4.10E-05,0,,751,,3160,Touloukian TPMD Vol.5; Schneider (2008),Cp=608+0.377T-4.1e-5*T^2
178,Cordierite (Mg₂Al₄Si₅O₁₈),Mg2Al4Si5O18,Ceramics,1302-44-9,298,1740,,,,,,501,0.435,-6.00E-05,0,,685,,2600,Touloukian TPMD Vol.5; Schneider (2008),Low thermal expansion ceramic
179,Dolomite (CaMg(CO₃)₂),CaMg(CO3)2,Refractories,17069-72-6,298,1000,,,,,,667,0.42,-9.00E-05,0,,880,,2860,Robie & Hemingway (1995) USGS Bulletin 2131,Decomposes on heating
180,Silicon Oxycarbide (SiOC),SiOxCy,Refractories,,298,1600,,,,,,820,0.33,0,0,,1100,,2200,Scarmi et al. (2005) J.Non-Cryst.Sol.,Amorphous
181,Lithium Aluminosilicate (LAS),Li2O·Al2O3·nSiO2,Refractories,,298,1800,,,,,,780,0.32,-4.20E-05,0,,1040,,2600,Schott CERAN; Petzoldt & Pannhorst (1992),Glass-ceramic
182,"Carbon Fibre Reinforced Polymer (CFRP, epoxy)",C/Epoxy,Composites,,223,450,,,,,,350.0696345,1.424237109,0.00168337,-1.32E-07,0.999992,920.49,,1600,ASM Handbook Vol.21 (Composites) — Touloukian TPMD,"Unidirectional CFRP, in-plane, cured epoxy matrix"
183,"Glass Fibre Reinforced Polymer (GFRP, epoxy)",Glass/Epoxy,Composites,,223,450,,,,,,-75.39459394,4.842271675,-0.00799421,8.40E-06,1,879.91,,1900,ASM Handbook Vol.21 (Composites) — Touloukian TPMD,"E-glass fibre, epoxy matrix, in-plane"
184,Aluminium Metal Matrix Composite (Al/SiC),Al/SiCp,Composites,,298,800,,,,,,594.4168701,0.975127854,-0.000374527,-6.81E-08,0.999998,849.94,,2900,ASM Handbook Vol.21 — Touloukian TPMD,"Al 6061 matrix, 20 vol% SiC particulate"
185,Carbon-Carbon Composite (C/C),C/C,Composites,7440-44-0,298,2000,,,,,,-14.86854211,2.874895227,-0.001537885,2.92E-07,0.999917,713.01,,1800,Touloukian TPMD Vol.13 — NASA Glenn thermodynamic tables,"2D woven carbon-carbon, aerospace grade"
186,"Kevlar Fibre Reinforced Polymer (KFRP, epoxy)",Aramid/Epoxy,Composites,,223,450,,,,,,-313.1252733,7.870318538,-0.0136974,1.26E-05,0.999956,1148.57,,1380,ASM Handbook Vol.21 — PoLyInfo (NIMS),"Kevlar-49 fibre, epoxy matrix, in-plane"
187,Stainless Steel (AISI 304),Fe-Cr-Ni,Metals & Alloys,,298,1173,,,,,,458.9103679,0.116727863,7.60E-05,-3.13E-08,0.999939,499.61,,8000,ASM Handbook Vol.1 — Touloukian TPMD,"Austenitic stainless steel, 18Cr-8Ni"
188,"Zirconia (ZrO₂, stabilised)",ZrO2,Ceramics,1314-23-4,298,1500,,,,,,315.0289579,0.5951651,-0.000437402,1.19E-07,0.999451,456.69,123.22,5680,NIST-JANAF (Chase 1998) — NIST Chemistry WebBook SRD 69,"Yttria-stabilised, cubic phase"
189,"Boron Nitride (BN, hexagonal)",BN,Ceramics,10043-11-5,298,1400,,,,,,274.4354048,2.12346159,-0.001299666,3.10E-07,1,800.01,24.82,2100,NIST-JANAF (Chase 1998) — NIST Chemistry WebBook SRD 69,Hexagonal (h-BN)
190,Titanium Carbide (TiC),TiC,Ceramics,12070-08-5,298,1500,,,,,,324.7507804,0.96517329,-0.000748491,2.08E-07,0.998887,551.41,59.88,4930,NIST-JANAF (Chase 1998) — NIST Chemistry WebBook SRD 69,Sintered
191,Polystyrene (PS),(C8H8)n,Polymers,9003-53-6,223,370,,,,,,511.268097,5.624890982,-0.024114774,4.36E-05,1,1200,,1050,PoLyInfo (NIMS) — ATHAS Polymer Thermodynamics Database,"Amorphous, solid"
192,Polymethyl Methacrylate (PMMA),(C5H8O2)n,Polymers,9011-14-7,223,380,,,,,,-752.234338,12.97427529,-0.028054123,3.01E-05,1,1420,,1180,PoLyInfo (NIMS) — ATHAS Polymer Thermodynamics Database,"Amorphous, solid (acrylic)"
193,"Polytetrafluoroethylene (PTFE, Teflon)",(C2F4)n,Polymers,9002-84-0,223,550,,,,,,-178.0807902,7.883213113,-0.016508304,1.29E-05,0.998841,1045.34,,2200,PoLyInfo (NIMS) — ATHAS Polymer Thermodynamics Database,"Semi-crystalline, solid"
194,Zinc Oxide (ZnO) SC,ZnO,Semiconductors,1314-13-2,298,1200,,,,,,319.5726747,0.776387769,-0.000715023,2.48E-07,1,494,81.38,5606,NIST-JANAF (Chase 1998) — NIST Chemistry WebBook SRD 69,"Wurtzite, wide-bandgap semiconductor"
195,Cadmium Sulfide (CdS) SC,CdS,Semiconductors,1306-23-6,298,1000,,,,,,253.0814897,0.352320335,-0.000293531,1.13E-07,1,335,144.47,4820,NIST-JANAF (Chase 1998) — NIST Chemistry WebBook SRD 69,"Wurtzite, direct-gap semiconductor"
196,Chalcogenide Glass (As₂Se₃),As2Se3,Glasses,1303-36-2,200,450,,,,,,259.6301889,-0.239390949,0.002462016,-2.53E-06,1,340,386.7,4640,SpringerMaterials — Touloukian TPMD,"Amorphous chalcogenide, IR-transmitting glass"
197,Molybdenum Disilicide (MoSi₂),MoSi2,Refractories,12136-78-6,298,1800,,,,,,233.8540917,0.774279929,-0.00052233,1.26E-07,0.999205,421.54,152.11,6240,NIST-JANAF (Chase 1998) — ASM Handbook,High-temperature heating-element refractory
198,Boron Fibre Reinforced Aluminium (Al/B),Al/B,Composites,,298,700,,,,,,713.3943168,0.612175403,-0.000151315,-8.02E-08,0.99968,880.26,,2650,ASM Handbook Vol.21 (Composites) — Touloukian TPMD,"Boron fibre, aluminium 6061 matrix, aerospace grade"
199,Alumina Fibre Reinforced Titanium (Ti/Al₂O₃),Ti/Al2O3,Composites,,298,900,,,,,,469.1509435,0.527879003,-0.000328812,1.06E-07,0.999983,600.06,,4100,ASM Handbook Vol.21 — Touloukian TPMD,"Continuous alumina fibre, titanium alloy matrix"
200,SiC/SiC Ceramic Matrix Composite,SiC/SiC,Composites,,298,1600,,,,,,308.5279492,1.367338296,-0.000793508,1.70E-07,1,650.02,,2700,Touloukian TPMD Vol.13 — NASA Glenn thermodynamic tables,"Continuous SiC fibre, SiC matrix, aerospace/turbine grade"
201,Natural Fibre Composite (Flax/Epoxy),Flax/Epoxy,Composites,,223,420,,,,,,96.05665394,4.915414803,-0.002627491,-1.04E-06,1,1300,,1350,PoLyInfo (NIMS) — ASM Handbook Vol.21,"Flax fibre, epoxy matrix, bio-composite"
202,Fluorozirconate Glass (ZBLAN),ZrF4-BaF2-LaF3-AlF3-NaF,Glasses,,200,550,,,,,,203.993661,1.102721406,-0.001257633,7.21E-07,1,440,,4330,SpringerMaterials — Touloukian TPMD,"Heavy-metal fluoride glass, IR fibre optics"
203,Chalcogenide Glass (Ge₂₈Sb₁₂Se₆₀),Ge28Sb12Se60,Glasses,,200,500,,,,,,166.1607811,0.803972579,-0.000768079,4.71E-07,1,350,,4600,SpringerMaterials — Touloukian TPMD,"Amorphous chalcogenide, IR-transmitting glass"
204,Selenium (Se),Se,Others,7782-49-2,298,490,,,,,,189.6561712,0.541618346,-0.000443332,3.52E-07,1,321,78.971,4810,NIST-JANAF (Chase 1998) — NIST Chemistry WebBook SRD 69,"Solid, grey trigonal phase"
205,"Phosphorus (red, solid)",P,Others,7723-14-0,298,700,,,,,,590.46131,0.793813612,-0.000772835,4.01E-07,1,769,30.974,2340,NIST-JANAF (Chase 1998) — NIST Chemistry WebBook SRD 69,"Solid, red allotrope"
206,Inconel 718 (Ni-Cr superalloy),Ni-Cr-Fe-Nb,Metals & Alloys,,298,1300,,,,,,400.2218214,0.089260763,0.000111456,-3.83E-08,0.998996,435.71,,8190,ASM Handbook Vol.1 — Touloukian TPMD,"Nickel-based superalloy, aerospace/turbine grade"
207,Lead Sulfide (PbS) SC,PbS,Semiconductors,1314-87-0,298,900,,,,,,162.7450525,0.17279627,-0.000115033,3.69E-08,1,205,239.3,7600,NIST-JANAF (Chase 1998) — NIST Chemistry WebBook SRD 69,"Galena structure, narrow-gap IR semiconductor"
208,Vanadium,V,Metals & Alloys,7440-62-2,298,1000,,,,,,481.022882,-0.040958477,0.000270715,-1.46E-07,1,489,50.942,6110,NIST-JANAF (Chase 1998) — NIST Chemistry WebBook SRD 69,"Solid, bcc phase"
209,Platinum,Pt,Metals & Alloys,04-06-7440,298,1200,,,,,,125.4582453,0.025319308,6.01E-07,-2.15E-09,1,133,195.08,21450,NIST-JANAF (Chase 1998) — NIST Chemistry WebBook SRD 69,Solid
210,Silver,Ag,Metals & Alloys,7440-22-4,298,1200,,,,,,207.0467732,0.109916152,-6.30E-05,3.00E-08,1,235,107.868,10490,NIST-JANAF (Chase 1998) — NIST Chemistry WebBook SRD 69,Solid
211,"Tin (white, beta)",Sn,Metals & Alloys,7440-31-5,298,505,,,,,,187.331411,0.179675778,-0.000206543,2.07E-07,1,228,118.71,7310,NIST-JANAF (Chase 1998) — NIST Chemistry WebBook SRD 69,"Solid, white/beta tetragonal phase"
212,Boron Carbide (B₄C),B4C,Ceramics,12069-32-8,298,1600,,,,,,311.7555627,2.661078434,-0.00183825,4.68E-07,0.99953,953.91,55.25,2520,NIST-JANAF (Chase 1998) — NIST Chemistry WebBook SRD 69,"Sintered, ultra-hard ceramic"
213,Aluminium Titanate (Al₂TiO₅),Al2TiO5,Ceramics,12004-39-6,298,1500,,,,,,444.1436541,1.323236857,-0.001070886,3.06E-07,0.999396,751.45,181.88,3700,NIST-JANAF (Chase 1998) — Touloukian TPMD,"Sintered, low-thermal-expansion ceramic"
214,"Polyvinyl Chloride (PVC, rigid)",(C2H3Cl)n,Polymers,9002-86-2,223,350,,,,,,846.845843,-0.837478199,0.002694409,5.04E-06,1,970,,1400,PoLyInfo (NIMS) — ATHAS Polymer Thermodynamics Database,"Amorphous, rigid unplasticised PVC"
215,Nylon 6 (PA6),(C6H11NO)n,Polymers,25038-54-4,223,480,,,,,,-143.8626713,7.847410793,-0.006891254,3.30E-06,1,1670,,1140,PoLyInfo (NIMS) — ATHAS Polymer Thermodynamics Database,"Semi-crystalline, solid"
216,Copper Indium Gallium Selenide (CIGS) SC,CuInGaSe2,Semiconductors,,298,900,,,,,,267.7208198,0.190485643,-4.85E-05,-6.65E-09,1,320,,5750,NIST Chemistry WebBook SRD 69 — SpringerMaterials,Chalcopyrite thin-film photovoltaic semiconductor
217,Phosphate Glass (P₂O₅-based),P2O5-Na2O-CaO,Glasses,,298,750,,,,,,496.9341481,1.044899449,-0.000293919,-8.36E-08,1,780,,2600,SpringerMaterials — Touloukian TPMD,"Sodium-calcium phosphate glass, biomedical grade"
218,"Basalt Fibre Reinforced Polymer (BFRP, epoxy)",Basalt/Epoxy,Composites,,223,430,,,,,,316.7465897,0.850544614,0.006023082,-7.75E-06,1,900,,2000,ASM Handbook Vol.21 — Touloukian TPMD,"Continuous basalt fibre, epoxy matrix"
